ticker,pre_total_var,pre_syst_share,pre_avg_corr,pre_beta,pre_amihud,pre_momentum,pre_log_dolvol,pre_downside_vol,w_pre,delta_w,crisis,peak
AAPL,0.000575158525428526,0.1985015706598849,0.2059775477225031,1.563733461796875,1.0144883866246194e-05,0.17176909129815654,21.31730499395626,0.013006514410981523,1.9153873040049166e-06,-1.8436641887721914e-06,GFC,2009-03-09
ABT,0.00010867765052892518,0.21468091791135904,0.23390909176290703,0.7068932216661271,5.377709100362511e-05,0.22860525214244934,18.7701417236639,0.005744954639452593,0.0012475586873655362,0.17699326870594853,GFC,2009-03-09
ACN,0.00020118321258252283,0.15444227698714194,0.18055557824166518,0.8157666421456986,0.00021972642356776268,0.25934106908868537,17.779700947866644,0.008663113213599935,0.01947545834203077,-0.019475283766995716,GFC,2009-03-09
ADBE,0.00041770259204086874,0.2200596720802781,0.21921765500307888,1.4031069987009668,7.785916263227324e-05,0.10774123513189054,19.101370276327362,0.01183292085779091,2.0346056917500057e-06,-2.0127531372596746e-06,GFC,2009-03-09
AIG,7.219378054719507e-05,0.4056708999318369,0.32454308775680507,0.7919974718141896,2.2454024943609392e-05,0.046082234674601374,19.41546222670478,0.006358752517562084,8.209919775893665e-06,-8.202432467917362e-06,GFC,2009-03-09
AMD,0.0010551283795623729,0.2341834523123062,0.20874483848566225,2.300476118728152,4.484387118461578e-05,-0.4056288986035875,20.08110184674071,0.023490774004475037,1.7346329241267668e-06,-1.7092017167520958e-06,GFC,2009-03-09
AMGN,0.00013766619364399314,0.15907349792282524,0.19825846413347603,0.6848564382919736,2.16417707083836e-05,-0.14564509476821175,19.866737642504507,0.007982744863095572,0.0033977644645053926,-0.003397674648178042,GFC,2009-03-09
AMT,0.00026788871462756235,0.26661495982248057,0.23795745469669313,1.2368198345642571,0.000197372193097938,0.3304281621729011,18.06384842318296,0.009486462935805655,4.317740520599152e-06,-4.287631981354183e-06,GFC,2009-03-09
AMZN,0.0006787632442164664,0.26150330058693116,0.23729597985910564,1.9497760020406152,6.557384812892328e-05,-0.19570508562675643,19.34768957934015,0.02451595109479174,9.342753267270159e-07,-9.118115436175757e-07,GFC,2009-03-09
AXP,9.743742284433827e-05,0.44997073784002123,0.3350176145392208,0.9690406718913711,3.638646699439643e-05,0.18149333501246512,19.10814170086975,0.005567720300133396,4.680641708077242e-06,-4.667939137053161e-06,GFC,2009-03-09
BA,0.0002042486125294366,0.28539282468371197,0.2559955097198053,1.1173469748534217,4.635135879622724e-05,0.2366303373353678,19.24562117010483,0.008272317486929465,5.008314843347962e-06,-4.974158758007962e-06,GFC,2009-03-09
BAC,6.419555431223543e-05,0.4018559386456738,0.3260815844923201,0.7433179954035113,1.4066286225407998e-05,0.18728478965829887,19.853978697853602,0.005028193556090384,1.0440360882208697e-05,-1.0432221049627991e-05,GFC,2009-03-09
BIIB,0.0002589001113551192,0.32958101816372265,0.27580892402449686,1.351867692351189,8.315338865591311e-05,0.09661207989379894,18.81982671934198,0.010054875564052858,1.8937114280370477e-06,-1.8076253934233335e-06,GFC,2009-03-09
BK,0.00016779618185430554,0.2960306065847385,0.265762372585151,1.031445581425768,0.00010970149899494398,0.2339404460758743,18.181760487668072,0.006885458477325599,6.424653342166647e-06,-6.414846077877332e-06,GFC,2009-03-09
BKNG,0.0005462867977641623,0.19814380005166973,0.20374929624791366,1.5226061210465822,0.0010126938168988563,0.6507212560257121,17.054223245849485,0.013926977124002116,2.0380655688059184e-06,-1.9873401875727766e-06,GFC,2009-03-09
BLK,0.0003331969917362275,0.2065359541608553,0.20896854267652734,1.2140465623751906,0.0009030789723851192,0.35550940038924067,16.676951222473395,0.01125795219609081,8.225073019312849e-06,-8.211478134196445e-06,GFC,2009-03-09
BMY,0.00020983584257901257,0.19280070042185002,0.21457264434832782,0.9308530267503317,9.014315543722732e-05,0.17498042785978316,18.413308201859163,0.010896591984470592,1.2364951919912884e-05,0.004078124117459941,GFC,2009-03-09
BRK-B,5.125532905883599e-05,0.0499944500866997,0.10799313563893818,0.23427038210626308,0.00010764939412761334,0.217635023183467,17.691970580922792,0.0039267261291203075,0.1805888366961667,-0.05089637933414512,GFC,2009-03-09
C,8.173520343113504e-05,0.37734070863476626,0.31237864457838266,0.8127526221523637,1.2843541214553109e-05,0.1776540862585445,20.021625212306212,0.006189917685225202,8.067786877393982e-06,-8.060052108324206e-06,GFC,2009-03-09
CAT,0.00032634729101546015,0.2742906023442745,0.2415634382899129,1.3846258812482037,5.220947174089461e-05,0.0692623056114863,19.269477323786077,0.016041872286451597,2.889145977615795e-06,-2.858765581365478e-06,GFC,2009-03-09
CL,8.651489895717556e-05,0.0912872664357508,0.1593306342463512,0.41127994114815714,9.373302849716678e-05,0.18682510648834516,18.150267719533346,0.005446908042320001,0.03937419530387706,-0.03936675908885346,GFC,2009-03-09
CMCSA,0.0001456902228768002,0.26703244188422826,0.2513288896315648,0.9128179937968078,4.103911285451951e-05,0.48356064473882,19.263833201253814,0.006406446277360533,2.095237164298455e-05,-2.0934344532686495e-05,GFC,2009-03-09
COF,0.00022135384842568667,0.24102678084224224,0.2335237692777372,1.0689642071712226,7.123054622736517e-05,-0.11976675950824717,18.780564625323283,0.012615734656016807,4.288125197984183e-06,-4.2781273601057e-06,GFC,2009-03-09
COP,0.00025356494601654615,0.14318134978809496,0.16429209924470012,0.8818095712606351,3.789985387442607e-05,0.24361893486352995,19.634650824000754,0.009980923051108159,0.015327756279268355,-0.015327738311331633,GFC,2009-03-09
COST,0.00018169309808276998,0.3382321811471302,0.283479223088097,1.1472647586388354,8.335319646297459e-05,0.06605817891835286,18.676362883299017,0.007818832269721979,4.150954642237742e-06,-3.0526963967362678e-06,GFC,2009-03-09
CRM,0.0008809110549615136,0.2347271345200563,0.21166744527031228,2.1044308205192266,0.0003614769766767684,0.10703864941978083,17.927665312468637,0.01665287288411454,1.5650738538655817e-06,-1.541663978510658e-06,GFC,2009-03-09
CSCO,0.00030534922598877143,0.2231744246793142,0.21879793088837032,1.2081131142914345,1.65264694039595e-05,0.4607526789107486,20.40450882866858,0.008466187455825,3.883116892928759e-06,-3.855264516114402e-06,GFC,2009-03-09
CVS,0.0002868840837382596,0.13866874427947912,0.17796545790431947,0.9230590690695595,0.00011072718860246256,0.15615403844952774,18.827632077586703,0.013230367717798794,1.11277880787549e-05,-7.707724543231072e-06,GFC,2009-03-09
CVX,0.0001662959810039607,0.13138655523503712,0.16100214907244212,0.6840743632208601,4.013229243676859e-05,0.2957449159819113,19.404689529179663,0.007145836931248038,0.03466848970102697,-0.03466847027616426,GFC,2009-03-09
D,8.938411362637157e-05,0.15111594196456252,0.1960780190339575,0.5378637621452207,0.00015226643579101294,0.11641384386373015,17.72988923326517,0.005801032786107218,0.03931889958254788,-0.03931874549275928,GFC,2009-03-09
DHR,0.0001289329105341353,0.5128644104912721,0.34585181213726124,1.1900635394982817,0.00018180815775725704,0.2591446474946477,17.738920746008368,0.00680151395177253,2.66276965509447e-06,-2.565591290523569e-06,GFC,2009-03-09
DIS,0.0001453612784368825,0.21305675459909376,0.22510213373211316,0.8144398132001949,3.5907485260250196e-05,0.3581740673571775,19.331270705412795,0.007104878302542331,0.006869570286090703,-0.006869549713582343,GFC,2009-03-09
DUK,9.584087358791425e-05,0.17438425166963387,0.21819216081768678,0.5982958464578393,0.00016418401985721434,0.23082455560504506,17.652949106622827,0.005556545746633304,0.00015181922886391488,-0.00015165254864018217,GFC,2009-03-09
EMR,0.00013516874715884734,0.33694731170388825,0.2815048905778944,0.9876569340397683,0.00011487875557664683,0.17820103481362018,18.14557111649953,0.007163392112125803,6.420154427719926e-06,-6.397575022820137e-06,GFC,2009-03-09
EXC,0.00011351333734204316,0.14039357226907542,0.19316064334498914,0.584230241384719,9.666295622687557e-05,0.17662252090743072,18.406525265429497,0.006528812926173137,4.805263319979161e-05,-4.802443321852148e-05,GFC,2009-03-09
F,0.0005438722340069726,0.09229260276935596,0.13664664174985536,1.0368570041077287,0.0001548802095989348,-0.0062309919209465325,18.68042452057307,0.01734226417043345,3.7013201514528187e-06,-3.6847993271165653e-06,GFC,2009-03-09
FDX,0.00020369406090961606,0.42610250658896287,0.31508713899901264,1.363431121009447,6.68261506889163e-05,0.049280266089284985,18.866855706378512,0.008992942629066683,2.2411193291767467e-06,-2.2104373432081766e-06,GFC,2009-03-09
GD,0.00014048395764884358,0.1851253577721964,0.2027896809227183,0.7463341209678472,0.0001390884069506497,0.2749954827010355,18.00896982577462,0.0070256718283294925,0.025049615702370596,-0.025049388421904684,GFC,2009-03-09
GE,6.175212187310299e-05,0.37125279391485755,0.30817474695450564,0.7007252753360507,1.126110126271771e-05,0.08525882703731585,20.097095119712943,0.004921088922734985,2.337772910846409e-05,-2.334758745367606e-05,GFC,2009-03-09
GILD,0.0003053463521843905,0.2715285589587819,0.2507253630116398,1.3325732789127234,7.818688541734231e-05,0.2060415432863992,18.98690148643507,0.011979886849726345,1.960700100445253e-06,-1.8506205369717495e-06,GFC,2009-03-09
GOOGL,0.00045715362774787285,0.20416014066997185,0.20607874836246334,1.4138506583430472,4.319536372909374e-06,0.09165771946869097,21.951666022376,0.014964633249561855,1.874122563867871e-06,-1.8379572615855267e-06,GFC,2009-03-09
GS,0.00021587564868232666,0.5326432477098131,0.35141574058021413,1.569303761613252,2.0973804129649065e-05,0.4511522615076809,20.111044900572235,0.008929473349064432,1.8381996704936367e-06,-1.8245229903554794e-06,GFC,2009-03-09
HD,0.00016250727909222927,0.3248185409024723,0.27586226985990053,1.0632705619464853,3.656760340146882e-05,0.0036115392834980276,19.439084875128657,0.007379815151829193,4.253753896080539e-06,-4.222572234461103e-06,GFC,2009-03-09
HON,0.00014090047717238446,0.4116756909368093,0.31009917408124044,1.1146045677645093,9.976988917919261e-05,0.20712296622779877,18.37474209622645,0.007521717376911005,5.381891076344491e-06,-5.347632385409146e-06,GFC,2009-03-09
IBM,7.930647783977255e-05,0.36700483753029,0.29960414609606995,0.7895455690687821,2.6516733461987822e-05,0.17800751378062152,19.377101378649048,0.005456834316490766,1.3664129443391027e-05,0.014848678334188762,GFC,2009-03-09
INTC,0.0002888911800029862,0.2977095248176649,0.25892335754224016,1.3572207200760984,1.5087614266587612e-05,-0.1931225179226067,20.544000456173077,0.014217115592525873,2.2321481786841733e-06,-2.197481584697924e-06,GFC,2009-03-09
JNJ,5.342042448490266e-05,0.1387818264458711,0.19719349462269137,0.398480378944083,1.697123114180835e-05,0.11470902842301027,19.496209244334388,0.004997886530065342,0.08535430486352744,-0.0055840109386751935,GFC,2009-03-09
JPM,0.00011529841595254933,0.5407825600443676,0.37084871785939233,1.1556065215399354,2.7490235674144838e-05,0.22397018536776564,19.459889034205013,0.006079647757777784,2.7658608089649893e-06,-2.753524507525076e-06,GFC,2009-03-09
KO,4.603961245468031e-05,0.33469148627413764,0.29665126617191767,0.5744802956209266,3.208306111299601e-05,0.20069497380605725,18.899748532081517,0.0034066221043792567,0.0073167278121760325,-0.0073160356317540755,GFC,2009-03-09
LIN,0.00015780134903861708,0.43692053203952397,0.3248820896222579,1.2151882393915918,0.00018755493444575408,0.11954305955511721,17.77791085626928,0.007577443591505441,2.3033559706070838e-06,-2.2800936939436102e-06,GFC,2009-03-09
LLY,9.419385083083493e-05,0.3918584425558939,0.311315585272869,0.8891250683371672,5.9255969240181456e-05,-0.0683889593199975,18.655555580321398,0.006278114924493152,5.497303135489575e-06,-5.457920550167554e-06,GFC,2009-03-09
LMT,0.00010336138061566479,0.1993119164889917,0.22050454661061128,0.6642518282498252,9.271302429218937e-05,0.38690996827027513,18.292950033048186,0.006400676251576494,0.03477103917455538,-0.034770919160483596,GFC,2009-03-09
LOW,0.0002266985033305782,0.3433793779355985,0.2819529158827792,1.2912145351639341,6.5719088047369e-05,-0.06967203461975696,18.99966954464287,0.0085692661967449,3.0944531515808242e-06,-3.0675641005654964e-06,GFC,2009-03-09
MCD,0.00012523363132103428,0.23314816880506156,0.23476095028742422,0.7907941834439536,6.97739340837615e-05,0.2853069245397926,18.871527923735403,0.005853064759917719,0.013045463661027172,0.04155761052096617,GFC,2009-03-09
MDLZ,0.00010880863445129337,0.06324288974811877,0.12124453611651735,0.38390565369822177,0.0002687363370196116,0.2609961717135549,17.207566375588534,0.006067970457259224,0.07181655039749701,-0.03167809140416528,GFC,2009-03-09
MDT,0.00020554348785200161,0.03490025314214064,0.08679542860651733,0.3919702667041929,4.0437525756848884e-05,-0.06891230082212513,19.114694598439524,0.012821093069474411,0.022068728475619713,-0.01052929616551918,GFC,2009-03-09
MET,0.0001272563135952082,0.36450660918380795,0.3040476792319304,0.9967341719182895,0.00011991367225047558,0.19475511551733155,18.110649960827512,0.006230056550548953,3.859267040156846e-06,-3.850192963968216e-06,GFC,2009-03-09
MMM,0.00013247955389705392,0.21739251036265209,0.22796483167941944,0.7853869709875614,5.222893061306672e-05,0.01915319193597157,18.76322572090221,0.010085370684493078,1.1689555974189997e-05,-1.1501487964467026e-05,GFC,2009-03-09
MO,0.00010857576402974866,0.0899591593437105,0.15238008184885654,0.45737889008354776,0.0001710242676928929,0.17613065917690585,17.64287553108178,0.007284679673065606,0.0318104823741689,0.03230712254843857,GFC,2009-03-09
MRK,0.00014552547046669254,0.19712789909979048,0.22556944383760122,0.7838456052147053,4.8338852745666e-05,0.3385814827216924,19.05514566611312,0.009327016875439206,1.1227653811158341e-05,-1.11859286806012e-05,GFC,2009-03-09
MS,0.0001605256136249175,0.5834780542960133,0.37291843686730053,1.4163526759648808,6.44180288054809e-05,0.3710371454034318,18.835364077405796,0.00889982603328179,2.1856976818503335e-06,-2.1803244794792577e-06,GFC,2009-03-09
MSFT,0.00017539595422695885,0.15261438770085078,0.18921732991711462,0.7571719207865379,6.54711253450152e-06,0.14245549076346725,20.918444507065708,0.012284301977480244,0.0018297430811177367,-0.001829712322966485,GFC,2009-03-09
NEE,8.056225844295603e-05,0.12513656348740124,0.18515036234266677,0.4646702876870421,0.00012627845342564608,0.29972138099514656,17.940579529384816,0.005161824551061201,0.015899389140417407,-0.015899357759016707,GFC,2009-03-09
NKE,9.208238880016695e-05,0.11457669831967578,0.164697843513003,0.47536085467558636,6.137065450011418e-05,0.13247538499883935,18.579398087016617,0.00590643310053721,0.07327150458239035,-0.0732714694188805,GFC,2009-03-09
NVDA,0.0008937612411921022,0.4039658601510056,0.28573549930223974,2.7808019892356284,9.62359574020696e-05,0.6861469682728973,19.3521598015005,0.016803725301032864,8.622358712878027e-07,-8.417727392028146e-07,GFC,2009-03-09
ORCL,0.00023825408674099473,0.19866590646593213,0.21052123646306323,1.0068593931042324,2.1324049080501132e-05,0.33262888850646954,20.07701113743177,0.009095557273071786,5.345656804203074e-06,-5.309377589403889e-06,GFC,2009-03-09
OXY,0.00038721342386656096,0.12866474890063187,0.15440157647192373,1.032980125757511,8.460449764909204e-05,0.21878279244658214,19.0300190758403,0.012551933108993486,1.485127331649215e-05,-1.4837446453249202e-05,GFC,2009-03-09
PEP,5.024392136264669e-05,0.1129497239683079,0.18045364188174767,0.3486352738555436,3.931736804683492e-05,0.06794529126769926,18.776611635346196,0.004425973710016313,0.10670382849552984,0.02272072585196175,GFC,2009-03-09
PFE,0.00017705106202863395,0.1492105407828012,0.18817569415049348,0.7522046179284827,2.5601440550121914e-05,0.13645200662332976,19.654047182194155,0.011291763270127278,8.476725142571267e-05,-8.469551100845097e-05,GFC,2009-03-09
PG,7.16400135020744e-05,0.20815112346081918,0.23406009266379274,0.5651375755716632,2.1106541655473496e-05,0.11631796159836844,19.446818366027472,0.005920883139902084,0.013266521543470345,-0.013222336746471044,GFC,2009-03-09
QCOM,0.0003813650840745405,0.4317327114662615,0.31032737805000027,1.8778673761301599,3.6704793919690765e-05,-0.13065907855403686,19.853811710417435,0.01217259507163432,1.2424269277384996e-06,-1.195220360349714e-06,GFC,2009-03-09
RTX,0.00012808476029746473,0.3473151624442924,0.2873091659077142,0.9761073357227481,5.4763534169243246e-05,0.12052316786907308,18.769620312553492,0.007308665362991317,7.107040337469388e-06,-7.0677260556264404e-06,GFC,2009-03-09
SBUX,0.0003363364339170907,0.309507972892295,0.2644347247590683,1.4931720537006794,7.35953181305127e-05,0.14922233623384687,19.01189081405141,0.01172110868023689,1.567668071434017e-06,-1.5422624156564471e-06,GFC,2009-03-09
SLB,0.0005206918175217351,0.14772769771452687,0.16238038559359919,1.2835367749672382,4.4555361194128815e-05,0.2730153284948177,19.852877574893864,0.014067008992552045,3.328374844567314e-06,-3.30893550536033e-06,GFC,2009-03-09
SO,6.0728895185720065e-05,0.2299398654746868,0.2508602454416345,0.5468796985246739,0.00018286003876840726,0.10444198801609617,17.32536326289889,0.005390403324059472,0.019001695684837155,0.1572635689389364,GFC,2009-03-09
SPG,0.00014028450058412327,0.2852036774963041,0.26374072378478514,0.9256981180135732,0.0002553926736972356,0.31054904201983824,17.489301139640943,0.006737433397234667,5.0103647542558744e-06,-4.998268992411261e-06,GFC,2009-03-09
T,0.00011251081277302845,0.24832504200303734,0.24398064842173628,0.7735606414195034,6.489205014299276e-05,0.43672448244794376,18.73991141767198,0.00637882919927514,0.002642312978997527,-0.00264227240099862,GFC,2009-03-09
TGT,0.00016265257335729732,0.24605586936337479,0.241627510675512,0.9258365225834582,6.732688301013188e-05,0.0406046370414028,18.823114216416503,0.0075094625820653,1.2533816058971449e-05,-1.2507437124445167e-05,GFC,2009-03-09
TMO,0.00014292178566542406,0.26021098928275344,0.24615259834063802,0.8924810607419944,0.00020890253378180306,0.3891488868358502,17.88614934165584,0.007344725952714037,0.000293955051750297,-0.00029392031219757625,GFC,2009-03-09
TXN,0.00029477299310676377,0.30295174843783595,0.2519429970963658,1.3829852629496555,4.679394661069546e-05,-0.11391181570507482,19.49165149197141,0.009784478927653602,2.700003427737115e-06,-2.2958116845911724e-06,GFC,2009-03-09
UNH,0.000278155488679182,0.06355695904239723,0.12206742940736325,0.6153360323479383,4.049843563590512e-05,-0.1570381509751061,19.58217490352944,0.010524003275813439,0.0012406971204769405,-0.0012406803749555571,GFC,2009-03-09
UNP,0.00020751624942319874,0.31276033355639404,0.26011388471461916,1.179013732651246,0.00011742169760895438,0.14119262363628787,18.359967955903855,0.007958459031170272,7.2300323053646985e-06,-7.166679469611643e-06,GFC,2009-03-09
UPS,0.00015221988276619525,0.22154167880273812,0.2266196567025424,0.849865868336002,6.350527209568422e-05,0.007994281707285202,18.646177246941164,0.011306193899824417,0.016771150702268933,-0.01677109193190969,GFC,2009-03-09
USB,4.183547287090635e-05,0.3314820029240243,0.29428537369564833,0.5449909534724833,6.044898862788262e-05,0.22569396060003963,18.279693821873614,0.003870972173951454,0.11211041752903689,-0.112110390264396,GFC,2009-03-09
VZ,0.00010338522977396079,0.34673315471759275,0.2905439634550888,0.8762215077603843,6.0685034797154205e-05,0.29229844259115945,18.75089658945899,0.00644849142755278,1.056335334301031e-05,-1.049329611590133e-05,GFC,2009-03-09
WFC,6.59798219804175e-05,0.2994068640846379,0.2874194233050535,0.650464232980333,3.446019769946957e-05,0.1518396508561693,18.91740986943744,0.005319834529688672,0.004828445262630036,-0.004828432876671507,GFC,2009-03-09
WMT,0.00011445844372885336,0.29013948828786346,0.26474480829766484,0.8433625532793619,1.9479593047870575e-05,-0.0130992514042792,19.853455223205497,0.006425983764844652,2.210349467775996e-05,0.1171726646530205,GFC,2009-03-09
XOM,0.0001455050503503072,0.19349068578607917,0.20238686599559133,0.7765260700725213,1.4484507185184315e-05,0.3286314499945606,20.33577295229661,0.007361302734260336,1.9373967726739243e-05,-1.9349497306330658e-05,GFC,2009-03-09
SCHW,0.00034792779366738235,0.4843816675536644,0.3358795569515766,1.8998765641392061,0.00016313210766047583,0.2715670679959258,18.301997845652014,0.011323050492990025,1.0603187044131843e-06,-1.0468461308354819e-06,GFC,2009-03-09
AAPL,0.0004124400361006076,0.5645664710507212,0.4331840245698283,1.5249305510211397,2.3168905652006856e-06,0.011032620607841492,22.48352476511122,0.016443355036996933,9.69274104488459e-08,7.235761305812404e-08,COVID,2020-03-23
ABBV,0.0003905670470893361,0.23834095067988179,0.28832365879461463,0.964182509069949,2.897699047453882e-05,-0.166603934411871,19.90051064764054,0.019273265626844407,2.7456752301439095e-07,0.011320288087961239,COVID,2020-03-23
ABT,0.0002109667299988785,0.548553528363036,0.4423183765343213,1.0750498629121341,2.740020522730326e-05,0.15269852269942338,19.7875811309188,0.010545308291667548,1.2006429761196066e-07,2.0082148326375621e-07,COVID,2020-03-23
ACN,0.00017887367521418816,0.6171173971597856,0.47222797259906224,1.0499514703984025,2.941483151266092e-05,0.14057087012573838,19.570750808441424,0.010767316508702154,1.5981108952955278e-07,5.754959245047944e-07,COVID,2020-03-23
ADBE,0.00047358837040271435,0.5478937697689629,0.42878357067261963,1.6097588138286167,1.7199843574955253e-05,0.023217669166934213,20.536224230689538,0.016184814705848368,7.85453630923151e-08,7.369723523955153e-08,COVID,2020-03-23
AIG,0.00030944226387560176,0.3566121487584979,0.3505796268302237,1.049784117832622,5.8274586157907725e-05,0.06992095505303533,19.19696914418925,0.013730114071568614,5.046153231728634e-07,-3.7843561958387785e-07,COVID,2020-03-23
AMD,0.0017851493372312635,0.3456754870788842,0.32467717641470145,2.4824681447536805,1.3434606564872913e-05,-0.11705456249315233,21.443028570306126,0.030019851348932296,4.592758364456442e-08,6.915059215010141e-08,COVID,2020-03-23
AMGN,0.0002367109432940662,0.316586349786034,0.337682303952758,0.8651021211417471,2.2684095029929026e-05,-0.04618584027915651,19.952589349327642,0.010613747376027547,5.143387222024455e-07,-1.5069812039530334e-08,COVID,2020-03-23
AMT,0.0001517034140288727,0.06977575708115683,0.17985695258003118,0.3251337641623031,3.054736163729222e-05,0.4518465350524932,19.494454201968978,0.009216374006803694,0.03200871269489944,-0.032008394647432235,COVID,2020-03-23
AMZN,0.0004934421538434338,0.5998201642172881,0.4444630404552011,1.7192568786702354,1.612673056573856e-06,-0.1480844405406126,22.884781426737188,0.01660129330674102,7.845162210816419e-08,0.1105314512873141,COVID,2020-03-23
AXP,0.00017363222969049975,0.6850498365884877,0.495295208729483,1.0899043118297125,2.6025509458554193e-05,0.10665645760241131,19.711966439365682,0.010015361303154984,1.3158740096724044e-07,1.02862515115408e-09,COVID,2020-03-23
BA,0.0004064800589412673,0.35260175798963067,0.341461911203027,1.1963933079440834,8.833704797813476e-06,0.05655104715980107,21.340441855491196,0.013975030854539251,3.1051567989726867e-07,-1.9424375505943327e-07,COVID,2020-03-23
BAC,0.0002720149268259278,0.5387933094161422,0.4269729874640172,1.209816717638341,8.058760044193457e-06,-0.0034307140141791315,21.09504685306848,0.011442307594014897,2.3586241611334944e-07,-1.2240172470803404e-07,COVID,2020-03-23
BIIB,0.0007760383460302517,0.11181691377411428,0.18631478850429642,0.9309094893817851,3.225819175691801e-05,-0.42354086652492884,19.90674301395633,0.03264965257780041,0.010640520231637878,-0.010640110958765919,COVID,2020-03-23
BK,0.00023702040354695126,0.3338145756670271,0.34026736380111783,0.8889096697088523,5.606525697636894e-05,-0.1072752512750053,19.157413819685452,0.012684241694808385,0.012332356094901478,-0.01233215986822389,COVID,2020-03-23
BKNG,0.0003087700367034028,0.4729105906187438,0.39884408570683505,1.2075891734836623,1.6030202225500486e-05,-0.003423190775341728,20.434300114792265,0.01403097467630442,1.7004877392283685e-07,3.8737040424100596e-07,COVID,2020-03-23
BLK,0.0002499906714174687,0.6418824372425119,0.47346744780374095,1.2659068911818887,4.915505603312376e-05,-0.03901656420172897,19.291923332012328,0.012161604874117141,1.0279281298308902e-07,3.727148802813346e-08,COVID,2020-03-23
BMY,0.0003476391069280189,0.26010901546619003,0.3024474990865125,0.9502855631659723,2.507981707052123e-05,-0.16834232879517494,20.06786486780256,0.017188319674873925,4.997209776462675e-07,0.10019453260843586,COVID,2020-03-23
BRK-B,0.00015536560143721885,0.6551338947660775,0.4842613155108576,1.0082183231213753,9.867162160731419e-06,-0.04087964499575678,20.586671547682673,0.009865562887468706,2.08699658723029e-07,3.101540547707025e-07,COVID,2020-03-23
C,0.0002897190599880493,0.6167086328758739,0.45722671460005326,1.3357976149634543,1.5356187641234995e-05,-0.026738296977278614,20.523837533517955,0.011575713200753023,1.162481085106429e-07,-2.4407687458512532e-08,COVID,2020-03-23
CAT,0.0004180915267925123,0.5472889976852339,0.42559092903424056,1.511667088365642,2.557180616155128e-05,-0.1617546459908746,20.11947431457508,0.015848922852962615,1.2173708881091681e-07,4.004117781046707e-07,COVID,2020-03-23
CHTR,0.00027166730682699113,0.35917377823942004,0.3580523965677271,0.9871499238048012,2.390783692988814e-05,0.23727399094444085,19.880669738234864,0.011012897224546294,1.6343291356602578e-07,0.11299414862403336,COVID,2020-03-23
CL,0.0001597639622782855,0.2189798191362205,0.2975360802071447,0.5910899480014216,3.959710420225972e-05,0.12216269962952318,19.212921165818763,0.010164281813430818,2.7396015805317656e-07,8.851806721463643e-08,COVID,2020-03-23
CMCSA,0.000194025933972232,0.45195592503765847,0.40511976835643604,0.9358151021065689,1.6378309682782955e-05,0.2678870471212018,20.26783331115812,0.008816859076454082,3.7019646580049644e-07,4.102818416357114e-07,COVID,2020-03-23
COF,0.00028271262605471936,0.5300564256383685,0.42742732751811524,1.2233360394294561,6.72424595271227e-05,-0.02973034315666606,19.068613081997842,0.012324969356341572,1.0770273548055512e-07,2.5825686615369656e-09,COVID,2020-03-23
COP,0.00037496628487203147,0.3785776494636533,0.35388040190643183,1.1906543725378944,4.3668026556765084e-05,-0.28906911451566997,19.635089208793154,0.012584543073916305,6.097573057968856e-07,-4.289802371145498e-07,COVID,2020-03-23
COST,0.00020134143177002632,0.3961168200114253,0.3801719975233238,0.8924632348509937,1.9521419332148423e-05,0.21799943369619618,19.98306843100927,0.012592593273995416,3.59036575416127e-07,0.0006858643601735708,COVID,2020-03-23
CRM,0.0005081414585795584,0.4915892519547006,0.4042060429063181,1.5794490482214518,1.7864444742072004e-05,-0.07767686710346093,20.642667308196557,0.01593052074841946,1.1856013051379868e-07,1.926976081317074e-07,COVID,2020-03-23
CSCO,0.0003031056858681229,0.6026950998925664,0.45632069212134907,1.3506971638454426,1.3575010605699907e-05,0.049153866939105506,20.617580649657246,0.013457799827798442,8.830643507624723e-08,1.776822760898073e-07,COVID,2020-03-23
CVS,0.0003230656283217854,0.2613927739399919,0.3007635276258394,0.9183416516281253,2.600817215572848e-05,-0.1892091116141308,20.023523191296515,0.013188353699607578,1.0617894815272077e-05,-1.0368391547298263e-05,COVID,2020-03-23
CVX,0.00018736053189538296,0.4406093471220079,0.39320056154809707,0.9079836419248838,1.6274832147889354e-05,0.007636250867885511,20.20492173127605,0.01008033604741282,0.0009152583906165351,-0.0009148982051023003,COVID,2020-03-23
D,0.00011217504268553275,0.03613917609015013,0.1396751162342117,0.20120990749047626,3.803631639009713e-05,0.20594946721206098,19.249641958177715,0.008513545328765304,0.06958427001630933,-0.06958410247795056,COVID,2020-03-23
DHR,0.00019834923636982078,0.4729801802736327,0.4130566926772481,0.9679409278566661,3.478888485475032e-05,0.29430034171350616,19.55093243226073,0.00930530669038904,2.453585754710905e-07,4.909359852794237e-06,COVID,2020-03-23
DIS,0.00022001018850537687,0.3711837956789953,0.36689935060753615,0.9030837275008299,8.994248503187392e-06,0.12995862851423526,20.886574175376303,0.010020311187378011,3.2219435344726915e-07,4.37238249614322e-07,COVID,2020-03-23
DUK,8.550238264792578e-05,0.03775725092042023,0.14757863867836377,0.17955661425112115,3.280554650158663e-05,0.23685702788422625,19.217255436642713,0.007115708376143973,0.12124358320853244,-0.12124328170638332,COVID,2020-03-23
EMR,0.00025138906055434336,0.6190722824109309,0.4596690691330483,1.246682845282822,6.366029855391749e-05,-0.107872797610246,19.09658975621229,0.010866247974827289,2.0713801316124628e-07,3.2615367087010016e-08,COVID,2020-03-23
EXC,0.00010283596909156004,0.06883855732065143,0.18566341070222497,0.265889090586703,3.8648686561576843e-05,0.15127948131135102,19.136816951014698,0.0076280664694964705,0.039536327756472235,-0.03953615200173523,COVID,2020-03-23
F,0.0003626505821179721,0.2607281741069028,0.291823898068934,0.9717404633278129,4.674517490338559e-05,0.05819395246748986,19.41351107243794,0.013079349779271159,0.00015319357620401485,-0.00015129608538180155,COVID,2020-03-23
FDX,0.00047712272901513094,0.44442417117593047,0.381568172863292,1.4552111194089838,4.4139281403775545e-05,-0.4882729743971886,19.683148507054888,0.01979343531498746,1.4152009454231055e-07,1.335399985393628e-07,COVID,2020-03-23
GD,0.00021126242101092633,0.5041767262420092,0.41987726704406786,1.031370343208427,5.4172556856322815e-05,-0.07880971266392961,19.164578117089267,0.011260037061099626,5.70070573752855e-07,2.2001594290958837e-07,COVID,2020-03-23
GE,0.0008578731563553523,0.18010559507239873,0.23263239584496442,1.2421877945322193,2.5863013976275296e-05,-0.2107198366614113,20.546923266024834,0.01943530325543705,7.409122129529743e-07,-5.756933184430925e-07,COVID,2020-03-23
GILD,0.00023534874303627907,0.3634785946576362,0.3590085734590408,0.9242883471420816,3.255402068623074e-05,-0.15238398111594798,19.688412592094164,0.010345471929003551,3.0212287061689493e-07,0.11852865933027107,COVID,2020-03-23
GM,0.00031003348748211943,0.3553089310758531,0.3377237202809609,1.0488647280455983,3.606582092166835e-05,0.14818148305675857,19.636728781047026,0.012656109020962548,0.061080128212191706,-0.06107972816156395,COVID,2020-03-23
GOOGL,0.00032945314672486946,0.4859120350392112,0.40005283200199165,1.2644095691410022,6.111885243403073e-06,0.011348649559062271,21.38940385847971,0.01349287209268397,6.452384102780845e-07,-5.8175337644888675e-08,COVID,2020-03-23
GS,0.0003095289937757593,0.5121152984808112,0.41356548802332754,1.258191245075004,2.427628179443181e-05,-0.0755503551468977,20.057656609694774,0.012987899256329661,6.36004752949674e-07,-4.79500381413859e-07,COVID,2020-03-23
HD,0.0001861956336119826,0.5246076554586387,0.42803907325142365,0.9876752571818449,1.3373319987450227e-05,0.1413388367798225,20.434879000276872,0.009392076549947023,5.053551831734336e-07,-3.044076204268176e-07,COVID,2020-03-23
HON,0.00014795258150513676,0.6893531464494737,0.49609309061604356,1.0092395720616665,2.288422561157304e-05,0.0861540477103595,19.80120375567059,0.009038041121629026,2.914862635609382e-07,2.946168620003204e-07,COVID,2020-03-23
IBM,0.00025057635386391513,0.4776438483245398,0.40692838900906336,1.0932871740780612,2.3261511664771275e-05,0.006802479640470899,19.93798571583004,0.012834169977851868,2.171724284242012e-07,8.49155776220424e-08,COVID,2020-03-23
INTC,0.0003875825209332415,0.4331127262341985,0.3797448602980093,1.2947761173556407,1.3435365556641724e-05,0.14156158378279243,20.77326867450667,0.014564338462366896,1.1777445652264513e-07,9.391702579210036e-09,COVID,2020-03-23
JNJ,0.00015361377770701517,0.2579624431245738,0.3171745285574423,0.6290793676370511,8.979657124543002e-06,-0.03884983463560859,20.568559087015693,0.01266099824291438,1.704151403170174e-06,0.07292555202500971,COVID,2020-03-23
JPM,0.0001754350379086598,0.5886397481525235,0.45208855303256384,1.0155354212303727,7.974779386402986e-06,0.05704838822705982,20.91837770359941,0.00870136938427635,7.359419991643733e-07,-5.90150804431964e-07,COVID,2020-03-23
KHC,0.0007050475388486026,0.050456561919327486,0.12466851029683515,0.5960465023237699,5.2834583963470424e-05,-0.6242623532477405,19.286982625292186,0.03179478910435107,0.014409758949522332,-0.01440937748331779,COVID,2020-03-23
KO,0.00013002992639090587,0.15959652270398858,0.2580031246992454,0.45524531673657165,1.3926971567901608e-05,0.19986952850817488,20.108544200291664,0.009527026974478365,0.01346512642801653,0.040518242804580135,COVID,2020-03-23
LIN,0.0002071893000839459,0.279688316496892,0.3130989673816287,0.760734198329681,3.6970268930156376e-05,0.1966962602049299,19.770411926491132,0.008406962819037104,0.034865437015909884,-0.0348647589361588,COVID,2020-03-23
LLY,0.00022139883531169043,0.20631028817796662,0.2839415010590358,0.675398706973945,2.2434387900528015e-05,0.06866422300509131,20.522448071217443,0.0114632118373829,3.8378974661202075e-07,-4.3151797705000365e-08,COVID,2020-03-23
LMT,0.00018330608382061126,0.3760950358730451,0.36629263620191943,0.8297540029316403,2.8026399894395845e-05,0.1463905418451048,19.666334512390883,0.010612315700425739,1.2039587285066797e-05,-1.1807272440789262e-05,COVID,2020-03-23
LOW,0.0003446486477729735,0.3858454625197547,0.36148278769163084,1.1524102281833426,2.7907095189405636e-05,-0.020882647627219544,19.891711237808263,0.014932107801092876,1.846519039674896e-07,-3.0911087713020214e-08,COVID,2020-03-23
MA,0.0003294709027047138,0.6168752632972029,0.4575587116709636,1.4246865577690475,1.3886215628506851e-05,0.2056403627609948,20.578774895235718,0.013359541469086435,1.276079046770698e-07,8.019707702246263e-08,COVID,2020-03-23
MCD,0.00010771156680208938,0.16945513055596353,0.2633704779406466,0.4269437387795482,1.3846289245232018e-05,0.2777200512474268,20.112833619945665,0.007035520489929694,0.11163217712701025,-0.10144392125670797,COVID,2020-03-23
MDLZ,0.00011176852294140569,0.3092118443510474,0.35191335938290436,0.5874892611835202,2.6219810489964308e-05,0.2719601092524939,19.462750167362923,0.00741129346800536,4.669576100048941e-07,2.340448627549945e-07,COVID,2020-03-23
MDT,0.00014464623046928624,0.3288747194478155,0.3476385654138718,0.6892565811158785,2.0829828362273588e-05,0.12758626284615382,19.84535737468314,0.00985759112907109,0.040753870328137945,-0.04033407562688202,COVID,2020-03-23
MET,0.00023056893069934003,0.5623810946501404,0.4407844638677059,1.137962275840712,5.1264468183097836e-05,0.04303043248185831,19.182709208086823,0.011680242395273367,2.600228353194244e-07,-1.6487734808778837e-07,COVID,2020-03-23
META,0.0004396055605200045,0.36435967375221306,0.34101513046029364,1.2647621404493536,4.5030508490063545e-06,0.05328140399152834,21.890548820935802,0.014810371682840596,1.722728239683259e-06,-1.1602635580838163e-06,COVID,2020-03-23
MMM,0.0002790186958715615,0.464522957993627,0.39866108587074417,1.1377120548179878,2.726684964372483e-05,-0.21400475215962012,19.796838306162464,0.015379363050886025,2.492583780579421e-07,0.012676618293625444,COVID,2020-03-23
MO,0.00026897313272976933,0.11567897259643113,0.20835009328665993,0.5574344153828944,4.1472567140144715e-05,-0.33068042225494443,19.535430023826713,0.013141573403955392,0.016889295625401188,-0.016881123015943064,COVID,2020-03-23
MRK,0.00015178261479049815,0.32229808669483095,0.35281480842579377,0.6989594723574133,1.349005444465444e-05,0.20125766465644068,20.3653661817814,0.009409385321235912,8.560951182960551e-07,0.07763387160013649,COVID,2020-03-23
MS,0.00028787796788198546,0.594876134822024,0.4478469948848732,1.3077646787735129,3.2239048768852916e-05,-0.08491464086805878,19.803401290253294,0.010952286325639963,1.8850938576329588e-07,-7.907438418695102e-08,COVID,2020-03-23
MSFT,0.00028588920376936835,0.6678588350915476,0.48110261961384565,1.3808717072532872,3.5125538544819666e-06,0.21049293595788973,21.89894302733359,0.012365739213591215,8.755749103280392e-08,6.666199453021292e-08,COVID,2020-03-23
NEE,9.713058323212228e-05,0.042420654049497894,0.15248719386257775,0.2028517666941007,2.3478612625896625e-05,0.3662963266145758,19.61102944067031,0.007212594506556787,0.08810662661974586,-0.08810599720009105,COVID,2020-03-23
NKE,0.00029362802348598723,0.5057393267629094,0.4193742364790465,1.2177951216145582,2.3993321238361922e-05,0.1161113867958326,20.048323417026193,0.012541503555445097,1.0282343054337827e-07,1.235160665115733e-06,COVID,2020-03-23
NVDA,0.0011985917143274144,0.45328535509082923,0.3737113009626535,2.3293438137273,1.0250486129020834e-05,-0.42512775270660574,21.534092487503774,0.029643201760626518,5.669962137141418e-08,5.47737575810409e-08,COVID,2020-03-23
ORCL,0.0002109445038769574,0.5163712351800539,0.42363123596000274,1.0429830343697981,1.4294275550666945e-05,0.07909196072602831,20.41133416419265,0.010449371386196124,2.4861029655979477e-07,-4.1908087317759836e-08,COVID,2020-03-23
OXY,0.0003715804011507678,0.2861333783518285,0.3052455662168539,1.0304401613967176,4.218572068252527e-05,-0.5446116688942282,19.74383145109212,0.014176054045371398,0.014798851339361391,-0.014798770110349859,COVID,2020-03-23
PEP,0.00010949544179692707,0.225007236305539,0.30790674756105324,0.4960304972549561,1.631469466960262e-05,0.2408972170293724,19.958129962404694,0.007219981612021192,5.920027436508669e-07,-3.658449458245324e-07,COVID,2020-03-23
PFE,0.00018420173812336234,0.34672969846099266,0.3589071176639321,0.7986463275185274,1.403214595954033e-05,-0.1658167571591534,20.409810893801634,0.010330947862659687,3.252064218149041e-07,1.4323801278165331e-05,COVID,2020-03-23
PG,0.00015037282246664006,0.18488932202553637,0.277602302911114,0.5269297349288808,1.151088102390518e-05,0.43635471628053857,20.420063670011217,0.007939469079789912,2.2128939069827933e-07,3.017769523998305e-07,COVID,2020-03-23
PM,0.000292312094915548,0.11400764583870364,0.21059705516471874,0.5769026019791155,3.323119035389937e-05,-0.011681032150859277,19.657281746946314,0.0137985148776442,3.8089417813727745e-07,-1.5357453799070896e-08,COVID,2020-03-23
PYPL,0.00041650114705116357,0.5037944652065789,0.4110046773104154,1.447594461837261,2.0019763066712074e-05,0.1519167737859477,20.417238098409314,0.014330152219545957,1.2172408527202982e-07,6.130428129847931e-08,COVID,2020-03-23
QCOM,0.0006090695729157502,0.19687806400648597,0.24316612450052635,1.0943197395472075,1.7772302959802456e-05,0.10114648904834919,20.58619410497819,0.01711326495667451,0.024296550162836078,-0.024296326967919883,COVID,2020-03-23
RTX,0.000237789672596625,0.53545378247092,0.4338030803141586,1.1276377488846798,2.6135060380761127e-05,0.00019236026098774783,19.908653419733493,0.012543181795231576,1.7725766241710655e-07,3.2355302239506454e-07,COVID,2020-03-23
SBUX,0.00020506840900565599,0.2765248102268645,0.3200789731514499,0.7525381969905034,1.5401022027942327e-05,0.45207158253242263,20.234259381653438,0.008624198030751448,2.653500423578314e-06,-2.357366182361168e-06,COVID,2020-03-23
SLB,0.00042409819457529926,0.3287503101080384,0.3249215279076674,1.17999023537909,4.139503349326668e-05,-0.5302143586830368,19.76359642994067,0.013282456133796467,0.018468842492618848,-0.018468675741349864,COVID,2020-03-23
SO,9.517273186057684e-05,0.038195626964165105,0.14422222368244214,0.19053519352892528,3.8138527478895665e-05,0.4040722296831073,19.096088447358202,0.007349629348736856,0.08994426089179655,-0.08994403411243286,COVID,2020-03-23
SPG,0.0001650534968958799,0.1840166811576828,0.26620826591928554,0.5507481891438771,5.604750031107016e-05,-0.07241064361205923,18.972016186008226,0.008757932078668618,0.028797725889431882,-0.028797585757254916,COVID,2020-03-23
T,0.00018433984325435756,0.3161780728895934,0.3388049892489714,0.7629351022934475,1.3678034633828146e-05,0.20661369151719802,20.29653443380083,0.012482586804145896,2.1576258190265804e-06,-1.7775869679954555e-06,COVID,2020-03-23
TGT,0.0004541003798136508,0.2118342582615438,0.2679333140683851,0.9801355619457491,3.470657806237483e-05,0.2339418764429706,19.717012483264853,0.013818962398412966,2.0011300079902314e-06,-5.120348370743947e-07,COVID,2020-03-23
TMO,0.00023161110656897037,0.561734349523634,0.4489163891689551,1.1398751805498737,2.774718601726953e-05,0.1785150315947773,19.844801519352707,0.010232979635979007,1.0995465382466615e-07,0.012316240331095848,COVID,2020-03-23
TMUS,0.000214321494296676,0.31936883124472504,0.3328199348819101,0.8267824414405712,4.192288745722397e-05,0.11106134109474083,19.429396089566872,0.009129869117454354,0.03297953723381161,-0.03297890130519226,COVID,2020-03-23
TXN,0.00037670772922330885,0.5186315402980927,0.4109859622036455,1.3968309327861081,2.7373409116955036e-05,0.2148564131320157,20.040126985459903,0.014074412389042432,1.6364914552514434e-07,3.5349391189665497e-08,COVID,2020-03-23
UNH,0.00027597706057861434,0.28724632497125263,0.3183491756108697,0.8897660872310443,1.2696472179367137e-05,-0.18091396932497505,20.685534068999427,0.01131264860449485,2.801649680455427e-06,-2.615486457646868e-06,COVID,2020-03-23
UNP,0.00027494831527474816,0.48637763079184443,0.41417118671765957,1.1556449982605852,2.1067646033696106e-05,0.010652808727065352,20.077676044896222,0.011280739055594367,1.389141323470296e-07,6.033141619912036e-07,COVID,2020-03-23
UPS,0.00030015772805074,0.47563855672702404,0.40396902277773167,1.1940579572127301,4.455840343047105e-05,0.061122352761493415,19.401002174998997,0.013160725187514637,1.4242595125126866e-07,0.017315087868596757,COVID,2020-03-23
USB,0.00013397530427409717,0.5031264346963622,0.4231510647261686,0.8204706691445581,3.3957260912778965e-05,0.0751116651014781,19.352762527411947,0.00894184188011394,0.032940306432640724,-0.032940150074097084,COVID,2020-03-23
V,0.0002361003092555177,0.6451443059248907,0.4704765122450735,1.233357071751451,8.44697639944898e-06,0.14330073481249486,20.945865515655434,0.010932719960444742,1.9948604754778656e-07,7.599320902668281e-08,COVID,2020-03-23
VZ,0.00013886282985393358,0.0873178526287058,0.19530509770562265,0.34798189205124536,1.5005709000970683e-05,0.16108833590909963,20.15230639858594,0.008893635296683758,0.03335712633686696,0.20736386113309974,COVID,2020-03-23
WFC,0.00019468015205830502,0.4348198541102155,0.3868564901736654,0.9194489844461426,1.2134069342787962e-05,-0.008207283519685624,20.593889533181393,0.009614257163989193,0.029084727139235003,-0.029084617367536435,COVID,2020-03-23
WMT,0.00012485508794738613,0.32388564739108544,0.3510164641570419,0.6354934667515183,1.2001618204688906e-05,0.25277111416718884,20.30327625830796,0.0077067361562606525,0.027661278288643325,0.019842110054415916,COVID,2020-03-23
XOM,0.00016072263953291317,0.537862819691223,0.43558611651709234,0.9291512303033691,1.3904862531004508e-05,-0.14961595079489,20.34573652096679,0.008713387450751927,7.926984009466015e-07,-2.0761096149715072e-08,COVID,2020-03-23
SCHW,0.0003311776426260409,0.5040308685697116,0.412244667876182,1.2911336165129725,4.420331318678465e-05,-0.17394155569289887,19.57265112078797,0.012756756153526762,3.354582785966562e-07,-1.647650980485239e-07,COVID,2020-03-23
AAPL,0.00046528176004659007,0.16708601791732358,0.20712745021414894,0.9526674023340286,1.0900544675571076e-06,0.41334954447355327,23.36425247993971,0.014753426627899024,5.48376418487572e-07,3.270650516866487e-07,Rates,2022-09-30
ABBV,0.00019949099540053628,0.2343338721778109,0.2524125091337058,0.7387413691999567,1.6711226403729545e-05,0.18676495698669077,20.214353557564188,0.008781374384302416,0.00011762036895609793,0.011421999352216739,Rates,2022-09-30
ABT,0.0002463091979643014,0.10284770296294315,0.17769013986045232,0.5438145837799456,2.1489618098318297e-05,0.2523006087135493,20.120036349934047,0.011686585106132233,1.4033000777966392e-05,-1.2496222476314271e-05,Rates,2022-09-30
ACN,0.00018949958153307008,0.42445206498619337,0.34425308878803246,0.9690176553331344,2.231170698819959e-05,0.3309953575377824,19.930601939356787,0.010542714569665879,5.669366196656812e-07,6.587611130625708e-08,Rates,2022-09-30
ADBE,0.0004092019188086591,0.11602467134570839,0.17465106184159968,0.7444872098795327,1.19661621821163e-05,0.296646875989497,20.95623969251709,0.013848325098385834,2.105005471318501e-06,1.8408673157593477e-05,Rates,2022-09-30
AIG,0.0005513579500563547,0.4559144975078688,0.32801961019692044,1.7130567821209701,0.00010090482991116789,0.45506827062462374,18.99763668665928,0.014258844380747766,3.812468639335903e-07,1.0548926368054735e-07,Rates,2022-09-30
AMD,0.0008751289697405014,0.06757990028235995,0.11907267469052936,0.8309177578248216,5.163152328306653e-06,0.5796435999112413,22.102513536506276,0.01706635727436539,3.346458204564711e-05,-3.2790162839285346e-05,Rates,2022-09-30
AMGN,0.00024304152076562102,0.17471277105864585,0.2282476252799796,0.7040699354179701,2.0473242394360746e-05,0.06076533793187147,20.10195849820497,0.01130965700851814,9.101296450948982e-07,0.08347671383857085,Rates,2022-09-30
AMT,0.00020989686741184607,0.0958957945256826,0.17495037342548125,0.4847479669034913,2.856414100229284e-05,0.06425773582768354,19.798793060118907,0.009637180678526048,0.012212529466112804,-0.012211512725197844,Rates,2022-09-30
AMZN,0.0003785638473674072,0.0997662920555449,0.15784428862093938,0.6640101544688559,1.041451220514102e-06,0.22071494589812285,23.316770317336758,0.012040445994651712,0.022285548081490032,-0.02228505862288957,Rates,2022-09-30
AXP,0.00046001829196651875,0.47630613238654923,0.332753234085998,1.5993513230586383,3.35879639923077e-05,0.566555365215835,19.873478823956347,0.011030343979705716,1.0353999631863248e-06,-4.403366521378886e-07,Rates,2022-09-30
BA,0.0007416225791738103,0.4520579440368294,0.31989663776130495,1.978343778215433,5.293336040088006e-06,0.26767972571041365,22.11257373405792,0.01403729375730958,2.812590205122583e-07,1.213589623254667e-06,Rates,2022-09-30
BAC,0.0003844293330837057,0.4305090075404881,0.31461136942816365,1.389993013202637,9.599899932188036e-06,0.5738937419957257,21.119261956884593,0.010773658928493319,2.528240496938576e-06,-1.5992534139447382e-06,Rates,2022-09-30
BIIB,0.0017485593805529,0.008212233039365649,0.03579884818524058,0.4094341487087781,3.789697609808828e-05,0.2579123667065413,19.918997919528678,0.030003277513748622,0.0010796683063262372,-0.001079215923965567,Rates,2022-09-30
BK,0.00037009178789891247,0.372124197272054,0.29847916961390547,1.2679785784137019,7.667325251310804e-05,0.3128864823161577,19.05584983010535,0.012901324350813356,2.133214468060189e-06,-1.0393696850062426e-06,Rates,2022-09-30
BKNG,0.0005455505847094048,0.43751958125479995,0.3227677110595932,1.6692811798859037,2.2615652626144674e-05,0.31782466211433646,20.43423732424731,0.013499330696093546,4.038843186483751e-07,3.5906677173803054e-06,Rates,2022-09-30
BLK,0.000219241489873428,0.5220344377378497,0.37098468290667735,1.1559104394549478,3.190188784996282e-05,0.4966986842180242,19.750110241226835,0.009765429201423327,4.86133923966287e-07,2.528348281587336e-08,Rates,2022-09-30
BMY,0.00018160461184197813,0.23541337340381444,0.2553186573911431,0.7064675833691536,1.713653412258788e-05,0.15866774927113703,20.11656737841151,0.008854632732595298,0.006126182058639359,0.10166022835064067,Rates,2022-09-30
BRK-B,0.00012714734888875408,0.6119560449958819,0.40238816144421163,0.9530748426781416,1.0497004902007688e-05,0.44268875952074616,20.90484032237972,0.006382802854184048,2.6688465566068543e-06,-9.604713817394816e-07,Rates,2022-09-30
C,0.00044923948748630207,0.37027898035772877,0.2858130811743359,1.393531300555201,1.4471012209768489e-05,0.36318036515120183,20.792033847221564,0.013304510668944542,0.01673771902878958,-0.016736595367971206,Rates,2022-09-30
CAT,0.00032137153470234055,0.35023835692072697,0.29114611508107735,1.1463013229950065,2.4612496290676772e-05,0.5659215235618265,20.141574922125624,0.012191116387628655,2.939557756778696e-06,-1.2023406455009176e-06,Rates,2022-09-30
CHTR,0.00025664174293943095,0.13019088011514732,0.19542248162367853,0.6245499333566934,1.7614374911977295e-05,0.3467739218946233,20.287863629150298,0.01138848528432011,2.780021374802211e-06,0.015585167185949883,Rates,2022-09-30
CL,8.83603810039081e-05,0.177555160215252,0.2495122596802368,0.4279654170711099,2.720198650403236e-05,0.12731330696899973,19.4290937226188,0.0058910418181786555,0.07289885097647275,-0.07289275254491866,Rates,2022-09-30
CMCSA,0.00023655976553969165,0.40228183069469386,0.32937035065802694,1.0540200840745702,1.4915781912327302e-05,0.3945234374831027,20.42682712449435,0.010310888956870753,6.874181628657172e-07,7.295188467772583e-07,Rates,2022-09-30
COF,0.0005579869608470196,0.4185898618901745,0.3063140771975826,1.6512757949261896,7.662185130585019e-05,0.9136294086821156,19.517598959749378,0.012711960477359265,1.05409307752353e-06,-6.4117604437985e-07,Rates,2022-09-30
COP,0.0008052668249211012,0.4083600736528354,0.29639890649129436,1.9593173191054618,6.512793366827286e-05,0.41035237881326436,19.70274272284494,0.016779620976540014,3.373568231347929e-07,3.122000256562219e-07,Rates,2022-09-30
COST,0.00013414310683472884,0.12388878792822118,0.19611945540769118,0.44046704339076564,1.1187917672853163e-05,0.3001922218444435,20.492032585522814,0.008292005854139946,0.04811814859356254,-0.048117397527055274,Rates,2022-09-30
CRM,0.0006137626253342495,0.08954725623490352,0.14733738627279497,0.801013061767614,1.0460727753336352e-05,0.2654025419702608,21.236343924576573,0.015062040650943354,0.00019597934634440312,-0.0001942038827732515,Rates,2022-09-30
CSCO,0.00021877025109746768,0.34502387795674894,0.30726664353788113,0.9387110833305099,1.1486587952093282e-05,0.16008194895729844,20.54532967410373,0.01233879533695694,7.141251064752836e-07,2.3130066585031403e-07,Rates,2022-09-30
CVS,0.0002508048071276461,0.22947235555099185,0.2500120565867929,0.819683799944417,2.640980064264813e-05,0.2796378156541929,19.88942678337616,0.010777194491656011,2.252638542832022e-06,-1.3258373517278014e-06,Rates,2022-09-30
CVX,0.00043945366511309456,0.47610253683617254,0.33014671732226036,1.562859835015393,2.0282238149468658e-05,0.21538776750211555,20.465551227803935,0.011823212620676326,4.5957952089788446e-07,0.054350014642638736,Rates,2022-09-30
D,0.00019253073705935563,0.07572417023521154,0.16490028183016034,0.41255374626346986,3.965799331930681e-05,-0.06129670353930319,19.312380858632416,0.012417840902444367,0.03430090529743374,-0.034298723508556006,Rates,2022-09-30
DHR,0.00023550992170645653,0.06590603980236333,0.14370437759659702,0.4256772586226608,2.170755114137359e-05,0.4205804102157204,20.10917249245769,0.010533203883279588,0.04284823764360993,-0.04284615660044574,Rates,2022-09-30
DIS,0.00038573230264975407,0.2672446220540645,0.254401892503497,1.0970103598697827,7.729745914260358e-06,0.4550622397596588,21.229026801356003,0.009215471396317664,0.005379566469250082,-0.005369349979034809,Rates,2022-09-30
DOW,0.0004661886470414196,0.42643872550656264,0.31921263696866764,1.5234296425739802,9.828618985719854e-05,0.48879573638102275,19.00606811179825,0.012572028632484028,4.259256336556489e-07,3.902122331954981e-06,Rates,2022-09-30
DUK,0.00016335291361555129,0.12545194706505505,0.20453156833247682,0.4891199561843193,3.926494942396497e-05,0.25304530502501055,19.32802150244507,0.007160354830491584,0.01714999664241827,-0.017130301272175127,Rates,2022-09-30
EMR,0.00028233157640873127,0.5424735224826481,0.3668557124665319,1.3371564888847476,6.81147171264648e-05,0.4643602846895821,19.09119706487918,0.009610820412706292,6.735713070031511e-07,1.9823749954404697e-06,Rates,2022-09-30
EXC,0.00020704993334494953,0.35505557758897716,0.3224698356780916,0.9264008696548387,5.992131057795278e-05,0.2372223039238876,19.044325270922283,0.009043391850845047,4.6980852968310757e-07,1.0369006316090466e-05,Rates,2022-09-30
F,0.0006178805921396223,0.24004135263376386,0.22970632995593956,1.3158565498767854,3.7538126681842166e-05,0.8936682452972807,20.153183736350996,0.01377274027153132,1.9939306170700234e-06,-1.4865753260992942e-06,Rates,2022-09-30
FDX,0.0004209844172356213,0.2159684621967505,0.23128752700990196,1.0302471342596018,2.47948640188413e-05,0.7651537687442473,20.288239609724265,0.01138799379111985,7.800711148364697e-07,2.0079983267081077e-05,Rates,2022-09-30
GD,0.0001964694499627326,0.4422989440659166,0.34049752510066683,1.007206924317557,6.495904161117025e-05,0.2594976562890949,19.00382216097504,0.008096765127299505,1.0759009364800823e-06,-3.582803472370451e-08,Rates,2022-09-30
GE,0.0006156792496956151,0.2685618558822611,0.2455038317226125,1.3893531816604212,2.4462539223942936e-05,0.6824662896357103,20.514047618543422,0.01448373787278927,1.012310941537405e-06,2.173807952886211e-07,Rates,2022-09-30
GILD,0.00017820862942046395,0.14191648556147618,0.20316515438583263,0.5433679591872703,2.214767859383752e-05,-0.06757733725870288,19.923285010375302,0.007806226375585547,0.028178782779288588,0.028733625335812137,Rates,2022-09-30
GM,0.0006366926006892504,0.29194012696446353,0.25637290048483435,1.4730755952253625,3.035945177196186e-05,0.8496101544385097,20.491070293118472,0.012798914809906746,6.009400871835478e-07,1.598116978461531e-07,Rates,2022-09-30
GOOGL,0.00029550038463096404,0.30649069669748313,0.28209231925237355,1.0282551901410681,4.132049664499023e-06,0.5434488078683031,21.84749973301208,0.01178893933675551,5.823002282945489e-07,5.43944403537843e-07,Rates,2022-09-30
GS,0.00030370307960562494,0.427282561222808,0.3133283322558774,1.2308224776354646,1.8855783961170288e-05,0.6713515719678257,20.429801184130426,0.009495553125251108,0.00010111279007899523,-9.951798413032918e-05,Rates,2022-09-30
HD,0.00016763618357664028,0.22081483496110002,0.26044949923225424,0.657372062235343,1.0198342314071938e-05,0.2635216492930473,20.716840134263144,0.009620951951914704,8.896335694096398e-07,2.4795285080755588e-05,Rates,2022-09-30
HON,0.00022357528402548775,0.6077921895947072,0.39898132374990586,1.2595131028949311,2.3082624346494274e-05,0.4357344303035514,20.046414532678785,0.009838498352463592,4.4801515087849397e-07,0.0017859625430224463,Rates,2022-09-30
IBM,0.0002535349359982064,0.31753491957822233,0.29094809638682173,0.9694555219224643,2.0171948327757448e-05,0.24554227632986722,20.131662507934088,0.012844219070523865,8.089823705009419e-07,0.03142450767674155,Rates,2022-09-30
INTC,0.0005606056578898429,0.20307265224017212,0.22051713270392623,1.1528364399773883,9.097993669519296e-06,-0.037451371696074875,21.207102867988546,0.022371894702479776,8.030920041102779e-07,2.8673872744392195e-07,Rates,2022-09-30
JNJ,0.00010292368220063483,0.292620919589329,0.29953337745332,0.5929575180805692,7.9796812896904e-06,0.18423041549894176,20.676823996875672,0.007529261872365216,0.02674058858153058,0.08543331001565231,Rates,2022-09-30
JPM,0.00031054790052957685,0.45837225706931634,0.32853869434219257,1.2891002650326975,7.793885295605885e-06,0.5349519112579465,21.257312461882474,0.008565890004791486,0.001830115985259059,-0.0018288788950280893,Rates,2022-09-30
KHC,0.00022815382698838048,0.18612031912170648,0.2368445243105045,0.7040832457933617,6.687720526944377e-05,0.28845705669896565,18.962227768982313,0.009903956863601841,8.504215155296734e-07,0.021151338642725587,Rates,2022-09-30
KO,0.0001420228250587506,0.4062115074448983,0.3419749826893319,0.8206697424846762,1.2653143886256443e-05,0.22316143858745596,20.353199335125396,0.008280701531966198,1.8510014706210282e-06,2.6865982702885516e-07,Rates,2022-09-30
LIN,0.00021084312892337458,0.48277727466073,0.36693980171933427,1.0901000825044984,2.6063013605846875e-05,0.32495333421267564,19.943079606979673,0.008961259495589072,4.191012654487407e-07,1.6505997107241409e-06,Rates,2022-09-30
LLY,0.00045377106325461905,0.08781702340515277,0.14295143766034288,0.6820575048294156,2.1707571360742675e-05,0.35359119678027223,20.257341782320307,0.013063628038361986,0.022542150072863677,-0.022541401600997206,Rates,2022-09-30
LMT,0.0001632677558762585,0.31846921830343655,0.2989503730240181,0.7791071312420724,2.1921762794803605e-05,0.06356939913290197,19.943626805794516,0.00845379531549933,5.002940530443634e-06,0.09257222347756708,Rates,2022-09-30
LOW,0.000293964514708133,0.18347533242407607,0.23357238658954146,0.7935047536173564,1.8862642700352532e-05,0.3752495394497021,20.28719126957403,0.01516014224956645,4.071749561749729e-07,3.4675134165867294e-06,Rates,2022-09-30
MA,0.00033328178883096636,0.47233938137161696,0.35072388038722907,1.3556454067027797,1.0593012582323328e-05,0.21574987879638943,20.94325138209975,0.012330486766673927,3.8745614372070554e-07,5.300514250478904e-07,Rates,2022-09-30
MCD,0.00010786892088309735,0.24481118835600985,0.26928327576490146,0.5552352560431058,1.3161362121421912e-05,0.24828853189400998,20.15427824024831,0.007187035917030613,0.08243375530735819,0.06702375330209226,Rates,2022-09-30
MDLZ,0.00010707176579277364,0.3554708311537598,0.33064451188880073,0.66658065260432,2.3814855957200192e-05,0.22102435170736,19.631276467644437,0.007292405469267339,2.2258502819319566e-06,-1.0663998121715981e-07,Rates,2022-09-30
MDT,0.00020746134520562503,0.4391880576648712,0.34513879804641695,1.0313524220425943,2.4110959316462952e-05,0.32348400158605395,19.904426157995623,0.008479398764243487,1.0737501134727058e-06,5.490820729857216e-06,Rates,2022-09-30
MET,0.0004106238051010718,0.5230004751850256,0.3516339957500544,1.5833843210160863,7.086830822540555e-05,0.5349706333685683,19.245107250441368,0.011920517813672388,5.206090372014371e-07,7.277620078153357e-07,Rates,2022-09-30
META,0.00047532696818965164,0.12410295319698512,0.18193535733213173,0.8298517660363272,2.7289808277148916e-06,0.42611056206601555,22.455713869554756,0.012722806716225043,6.650724856612025e-07,-2.4500009223844957e-07,Rates,2022-09-30
MMM,0.0001806011233544082,0.22542913785568533,0.24960051448151135,0.6894114397201355,2.73360910669337e-05,0.2748648874567503,19.70735042917378,0.010073928480891566,0.061986420946676266,-0.06197817167692367,Rates,2022-09-30
MO,0.00020247324647749154,0.32757957267619553,0.29893079602822736,0.879944874802116,4.322249555365896e-05,0.26935844829393796,19.360763642911436,0.009945371331244448,1.1464050802438379e-06,0.03936974860529452,Rates,2022-09-30
MRK,0.00013608199903955378,0.1750401052424712,0.227515822372496,0.527329855206119,1.2995912622323843e-05,0.08497682552435254,20.3360524284364,0.008064219257165283,0.05187708747583803,-0.011465585777258279,Rates,2022-09-30
MS,0.0003478669714225787,0.5154693003311347,0.3467724851480922,1.446842434006961,2.4837562793477924e-05,0.6646773036368689,20.25044864060418,0.010831506936236029,8.460113336040093e-07,9.137556977122147e-08,Rates,2022-09-30
MSFT,0.00028203739204630033,0.22803686844923962,0.24709269457883026,0.8665010955198058,1.9017049717601706e-06,0.29567060228093756,22.579851676230493,0.011940081221482391,8.567446664027265e-07,2.297273624165361e-06,Rates,2022-09-30
NEE,0.0002461504403946146,0.1549912025886844,0.22165149696235706,0.6673705982640439,2.2540217343394832e-05,0.2194499220919037,20.046162009331532,0.011096009276901268,8.290692393318458e-07,0.007511846935582536,Rates,2022-09-30
NKE,0.0003226914518846675,0.14778684418268503,0.1929419274127888,0.7461477867211499,1.602562007364633e-05,0.4629211962519444,20.46316878411094,0.009405734024942545,0.029503518353324328,-0.029502731582396243,Rates,2022-09-30
NVDA,0.0007308690155033714,0.1335625751951436,0.1789413036221378,1.0675184857698654,4.010140143570372e-06,0.7459709192431678,22.397976052890826,0.01910734237889911,4.3955782587016817e-07,3.402257073056291e-07,Rates,2022-09-30
ORCL,0.0002068476570290468,0.15919305613715737,0.21722694862261374,0.6200127207765517,1.3826397230075418e-05,0.3588212666166922,20.43871854627176,0.010557547557691671,0.011651889327824875,-0.011557102515143185,Rates,2022-09-30
OXY,0.0018787235010993763,0.2898798623259988,0.2329405027489027,2.5214693538221655,8.296555542759703e-05,0.5379385359923868,19.8093225180481,0.022959137838989337,4.148292734898867e-07,1.5865107236049704e-07,Rates,2022-09-30
PEP,0.00010158115546089564,0.33460577869094354,0.32554909549741246,0.6299216421743546,1.3792169147117922e-05,0.14308691148152677,20.139349029703276,0.006831783255857682,1.7805590725513618e-06,1.5386538547972188e-06,Rates,2022-09-30
PFE,0.00020372245546865992,0.14242461220558525,0.20114568903580052,0.5820029831813606,1.0742933956521858e-05,0.2734559099839916,20.65546050191656,0.008525993077164633,0.04578950582071457,-0.04164917189926162,Rates,2022-09-30
PG,9.072557198424123e-05,0.1717627622555301,0.24882274586781694,0.42652314434569233,8.36908804912539e-06,0.14507313906773622,20.57845711534308,0.006971446941137291,0.01086990564905498,-0.010866322498309407,Rates,2022-09-30
PM,0.00016715379683034066,0.2714327808355168,0.2757711727920801,0.7277840071112357,3.2299760225117894e-05,0.4023485833742925,19.55447326610479,0.008794552748716279,0.0033582102390792463,0.0037568906548280604,Rates,2022-09-30
PYPL,0.000625696334312719,0.08292952618138973,0.1362964760435856,0.778304666211934,1.0443556129225822e-05,0.5145951656815172,21.353287561313984,0.016790638746200466,0.02526261326140456,-0.02526179954041015,Rates,2022-09-30
QCOM,0.0006008821625298098,0.18840049179473117,0.21216936891331592,1.1496057011961074,1.566039317406239e-05,0.4686826491792867,20.792303327429735,0.016091741485532416,6.25664845687088e-07,0.00011692234524225593,Rates,2022-09-30
RTX,0.0003883361861679727,0.5462690835742497,0.36307803158327046,1.5736946864944281,3.021875779244867e-05,0.3520982616705643,19.961948466211112,0.013255028096794843,3.9886826644788363e-07,8.044802365377335e-07,Rates,2022-09-30
SBUX,0.00022085310032973646,0.37095062893607056,0.3087538406849897,0.9779643933342718,1.870985219040403e-05,0.43664027447850495,20.152459392790277,0.009170521972081954,5.319286233503077e-05,-5.1102960510022816e-05,Rates,2022-09-30
SLB,0.0009808954641260987,0.37152701284691114,0.2814893817198388,2.06262272304827,8.894051366634106e-05,0.5755471491383192,19.4540791229848,0.01738298945731778,3.109824980226238e-07,5.082519674960388e-07,Rates,2022-09-30
SO,0.0001418491133403291,0.24042665771103952,0.27232119747524114,0.6309832914098089,4.946200329478094e-05,0.19687151169828684,19.058219476369487,0.0075992163014153395,3.8981720371909244e-05,-2.993117721561818e-05,Rates,2022-09-30
SPG,0.0009015178824198656,0.3385124081504019,0.2737277271866447,1.8875032405663523,7.667188296604494e-05,0.7114155260561161,19.450684227332335,0.016069657630399747,5.516678967221332e-07,5.629828543039489e-07,Rates,2022-09-30
T,0.0001425821059605167,0.19657752709770687,0.22874422647975107,0.5720219354452589,9.79138182443823e-06,0.04370208504771938,20.562919075476348,0.007671384848459311,0.0902173637042403,-0.09021552728553749,Rates,2022-09-30
TGT,0.00025247015771490665,0.13650015190300838,0.19037825674923708,0.6342855679063051,1.9478951038857115e-05,0.7168123602758851,20.149333400601925,0.010599582137858716,0.01756126420177261,-0.017560891495853586,Rates,2022-09-30
TMO,0.00029867592331681085,0.057418701387099765,0.1331634639790381,0.44744537908945486,1.783283153064324e-05,0.33303908772859725,20.42089984582686,0.013035040879127437,2.8046786339599436e-06,2.922803444332333e-06,Rates,2022-09-30
TMUS,0.00024526715756149783,0.2113224651191028,0.24667893009138764,0.7778677566625527,2.2554442691551593e-05,0.3297287020131664,20.051496614524257,0.010472839225842486,9.118740677173253e-07,7.476381091449357e-07,Rates,2022-09-30
TXN,0.0003026629505018881,0.3890775329289693,0.3131615635322027,1.1724948513263047,2.2543627868410977e-05,0.4406743756874682,20.230078147213476,0.011643362425220035,5.076156997370994e-07,0.00039749367426272135,Rates,2022-09-30
UNH,0.00020279044692597258,0.2633838625339214,0.2755021785573531,0.7896444080220453,1.114268196441608e-05,0.32066389442775867,20.700270060333207,0.007491434560193039,1.292197168953667e-06,-2.891723821112568e-07,Rates,2022-09-30
UNP,0.00022283038462678407,0.418399710121218,0.3321575326937486,1.0432685831773736,2.339757120707311e-05,0.2820850803411138,20.03382180656017,0.010474907930591203,1.6576081481103524e-06,0.03500468556199259,Rates,2022-09-30
UPS,0.00036405585768316576,0.15993446523525617,0.20837271383413347,0.8244575126892525,2.3761308466872093e-05,0.6497638393702441,20.060732612263447,0.011523861087737132,1.0519075104362268e-06,0.0005541582039361756,Rates,2022-09-30
USB,0.0004242558348428216,0.4337011096835001,0.3215532656728831,1.4656234851302261,6.515885807987543e-05,0.4722414922628978,19.370210519076004,0.011945107965922474,6.453709072069591e-07,8.164164198751565e-07,Rates,2022-09-30
V,0.00021503964276620556,0.4804873405212011,0.35910774233647563,1.098281015691548,6.585560844664982e-06,0.19700016959681865,21.22917407423746,0.010332244704438782,5.939753854669444e-07,1.149513100338964e-06,Rates,2022-09-30
VZ,7.979524913520826e-05,0.22314569301090328,0.2621323448841277,0.4559277316157032,8.961476615814616e-06,0.059301143849759555,20.339407804208275,0.005938926234492415,0.14575136869932806,-0.08690010285592167,Rates,2022-09-30
WFC,0.0005545971172712743,0.3891135610417688,0.2974675400552459,1.5872313183233169,1.7312618722046497e-05,0.5845200258452495,20.738296304678578,0.014520565034539317,5.041485862261662e-07,2.1214239766152331e-07,Rates,2022-09-30
WMT,0.00016879560232944648,0.11833214743022202,0.18585895627013133,0.48288662187751097,7.743383345848451e-06,0.17908256661190702,20.850764622825242,0.008561073075406368,0.05994287398053581,0.007850275991101094,Rates,2022-09-30
XOM,0.0005345495386170718,0.39028713611533483,0.2906635636756547,1.560627785873429,1.7588776153879013e-05,0.41866149862499213,20.769293593829072,0.011676994594184505,6.249278041262238e-07,0.00017380564195748846,Rates,2022-09-30
SCHW,0.00041954440070480245,0.34032851176830936,0.27821379692779363,1.2910746942867057,3.992306548020949e-05,0.7841919307308574,19.883361892329177,0.011112494703754645,0.004742812390558046,-0.004742138018678351,Rates,2022-09-30
